customer_id,booking_date,age_group,home_state,home_city,home_pincode,service_type,destination,number_of_travellers,items_purchased_count,items_list,travel_value,discount_value,payment_mode,loyalty_member_flag,trip_duration_days
MMT000001,2024-06-06 03:14:15,25-34,Telangana,Hyderabad,761862,Flight,Singapore,1,5,"Hotel - JW Marriott Andaman (7N), Flight - Kolkata to Manali (Economy), Hotel - Park Hyatt Delhi (6N), Hotel - Hilton Manali (1N), Flight - Delhi to Dubai (Premium Economy)",38676,1793,Cash on Delivery,No,13
MMT000002,2024-07-03 16:30:35,18-24,Delhi,New Delhi,933678,Flight,Shimla,4,6,"Flight - Amritsar to Bangkok (Business), Hotel - JW Marriott Jaipur (5N), Flight - Pune to Leh (First Class), Train - Chennai to Andaman (Sleeper/AC), Flight - Jaipur to Bangkok (Business), Cab - Ahmedabad Airport Transfer",78393,16237,Credit Card,Yes,4
MMT000003,2024-08-06 09:21:41,18-24,Karnataka,Mysuru,798714,Flight,Delhi,3,7,"Flight - Mumbai to Bangkok (Economy), Flight - Kolkata to Shimla (Economy), Flight - Goa to Delhi (Business), Hotel - Radisson Blu Mumbai (5N), Flight - Surat to Delhi (First Class), Flight - Ahmedabad to Dubai (Economy), Train - Lucknow to Mumbai (Sleeper/AC)",81189,6975,Wallet,Yes,14
MMT000004,2024-02-16 00:34:55,25-34,Uttar Pradesh,Lucknow,552739,Flight,Jaipur,1,2,"Flight - Delhi to Bangalore (Business) Variant87, Flight - Pune to Manali (First Class)",42917,9342,Credit Card,No,12
MMT000005,2025-08-12 06:39:00,18-24,Telangana,Warangal,397047,Flight,Bangkok,1,2,"Hotel - ITC Grand Leh (4N), Flight - Bengaluru to Chennai (Economy)",135228,1646,UPI,No,13
